{
"data": {
        "persdata": [
            {
              "vorna": "Anna",
			  "nachn": "Smith",
			  "gbdat": "19891011",
			  "marit": "X"
            }
        ],
        
        "tasks": [
            {
            	"type_text" : "Development",
            	"budget":   100,
				"type"    : "1",
				"priority" : "3",
				"done" 	   : "",
				"task" 		: "Task 1",
				"created" : "20141212"
            },
            {
            	"type_text" : "Management",
            	"type"    : "2",
				"budget":   200,
				"priority" : "1",
				"done" 	   : "",
				"task" 		: "Task 2",
				"created" : "20141212"
            },
            {
            	"type_text" : "Testing",
            	"type"    : "2",
				"budget":   300,
				"priority" : "1",
				"done" 	   : "",
				"task" 		: "Task 2",
				"created" : "20141212"
            }
            ],           
            "abscences": [
            {
				"start"  : "01-01-2015",
				"end" 	 : "01-02-2015",
				"type" 	 : "01",
				"annual" :   "X",				
				"number" : "5",
				"type_text": "Vacation",
				"createdby": "John Johnson",	
				"approver": "Andrew Barnes",
				"annual_text" : "yes",
				"paid"	: "X",
				"paid_text"	: "yes"
            },
            {
				"start"  : "01-08-2015",
				"end" 	 : "01-09-2015",
				"type" 	 : "02",
				"annual" : "X",
				"number" : "3",
				"type_text": "Sickness",
				"createdby": "John Johnson",	
				"approver": "Andrew Barnes",
				"annual_text" : "yes",
				"paid"	: "X",
				"paid_text"	: "yes"
            }
            ]
        }
              
 }