{
	"SalesOrderCollection": [
			{
			"SoId": "300000097",
			"ApprovalStatus": "",
			"Status": "Initial",
			"ConfirmationStatus": "",
			"BillingStatus": "Initial",
			"OrderingStatus": "",
			"OrderingStatusDesc": "Initial",
			"LifecycleStatus": "E",
			"LifecycleStatusDesc": "",
			"GrossAmount": "13224.47",
			"BuyerName": "11113.00",
			"TaxAmount": "2111.47",
			"CurrencyCode": "EUR",
			"CreatedAt": "2013-05-22T22:00:00",
			"ChangedAt": "2013-05-22T22:00:00.000Z",
			"CreatedByBp": "EPM USER",
			"ChangedByName": "EPM USER",
			"BusinessPartner": {
				"CompanyName": "SAP AG",
				"SoId": "100000000",
				"Street": "Dietmar-Hopp-Allee",
				"Building": "15",
				"PostalCode": "69190",
				"City": "Walldorf",
				"Country": "DE"
			},
			"Notes" : [
				{
					"Author" :"George Washington",
					"Text" :"Lorem ipsum dolor sit amet, consetetur sadipscing elitr, sed diam nonumy eirmod tempor invidunt ut labore et dolore magna aliquyam erat, sed diam voluptua.",
					"CreatedAt" : "2013-05-22T22:00:00",
					"Thumbnail" : "http://upload.wikimedia.org/wikipedia/commons/2/25/George_Washington_as_CIC_of_the_Continental_Army_bust.jpg"
				},
				{
					"Author" :"Christopher Columbus",
					"Text" :"Lorem ipsum dolor sit amet, consetetur sadipscing elitr",
					"CreatedAt" : "2013-05-22T22:00:00",
					"Thumbnail" : "http://upload.wikimedia.org/wikipedia/commons/0/06/CristobalColon.jpg"
				},
				{
					"Author" :"Alexandrina Victoria",
					"Text" :"Lorem ipsum dolor sit amet, consetetur sadipscing elitr, sed diam nonumy eirmod tempor invidunt ut labore et dolore magna aliquyam erat",
					"CreatedAt" : "2013-05-22T22:00:00",
					"Thumbnail" : "http://upload.wikimedia.org/wikipedia/commons/a/aa/Dronning_victoria.jpg"
				}
			],
			"Attachments": [
				{
					"Type" : "ppt",
					"Title" : "Execution plan",
					"Description" : "Slide deck for the execution plan",
					"Size" : "23 KB",
					"CreatedAt" : "2013-01-11T22:00:00"
				},
				{
					"Type" : "pdf",
					"Title" : "Brochure",
					"Description" : "A brochure of the desired hotel",
					"Size" : "23 KB",
					"CreatedAt" : "2013-01-11T22:00:00"
				},
				{
					"Type" : "PostalCode",
					"Title" : "Vacation images",
					"Description" : "Archive of all those images from my vacation that i have taken while being away for a very long time",
					"Size" : "5.3 MB",
					"CreatedAt" : "2013-01-11T22:00:00"
				}
			],
			"LineItems": [
				{
					"SoItemPos": "300000000",
					"Quantity": "10",
					"GrossAmount": "1137.64",
					"BuyerName": "956.00",
					"TaxAmount": "181.64",
					"CurrencyCode": "EUR",
					"ProductId": "HT-1000",
					"ProductName": "Notebook Basic 15",
					"Quantity": "1.000",
					"QuantityUnit": "EA",
					"DeliveryDate": "2013-05-29T22:00:00"
				},
				{
					"SoItemPos": "300000000",
					"Quantity": "20",
					"GrossAmount": "61.88",
					"BuyerName": "52.00",
					"TaxAmount": "9.88",
					"CurrencyCode": "EUR",
					"ProductId": "HT-1091",
					"ProductName": "Blaster Extreme",
					"Quantity": "2.000",
					"QuantityUnit": "EA",
					"DeliveryDate": "2013-05-29T22:00:00"
				},
				{
					"SoItemPos": "300000000",
					"Quantity": "30",
					"GrossAmount": "1116.22",
					"BuyerName": "938.00",
					"TaxAmount": "178.22",
					"CurrencyCode": "EUR",
					"ProductId": "HT-6100",
					"ProductName": "Beam Breaker B-1",
					"Quantity": "2.000",
					"QuantityUnit": "EA",
					"DeliveryDate": "2013-05-29T22:00:00"
				},
				{
					"SoItemPos": "300000000",
					"Quantity": "40",
					"GrossAmount": "2275.28",
					"BuyerName": "1912.00",
					"TaxAmount": "363.28",
					"CurrencyCode": "EUR",
					"ProductId": "HT-1000",
					"ProductName": "Notebook Basic 15",
					"Quantity": "2.000",
					"QuantityUnit": "EA",
					"DeliveryDate": "2013-05-29T22:00:00"
				},
				{
					"SoItemPos": "300000000",
					"Quantity": "50",
					"GrossAmount": "92.82",
					"BuyerName": "78.00",
					"TaxAmount": "14.82",
					"CurrencyCode": "EUR",
					"ProductId": "HT-1091",
					"ProductName": "Blaster Extreme",
					"Quantity": "3.000",
					"QuantityUnit": "EA",
					"DeliveryDate": "2013-05-29T22:00:00"
				},
				{
					"SoItemPos": "300000000",
					"Quantity": "60",
					"GrossAmount": "1116.22",
					"BuyerName": "938.00",
					"TaxAmount": "178.22",
					"CurrencyCode": "EUR",
					"ProductId": "HT-6100",
					"ProductName": "Beam Breaker B-1",
					"Quantity": "2.000",
					"QuantityUnit": "EA",
					"DeliveryDate": "2013-05-29T22:00:00"
				},
				{
					"SoItemPos": "300000000",
					"Quantity": "70",
					"GrossAmount": "2275.28",
					"BuyerName": "1912.00",
					"TaxAmount": "363.28",
					"CurrencyCode": "EUR",
					"ProductId": "HT-1000",
					"ProductName": "Notebook Basic 15",
					"Quantity": "2.000",
					"QuantityUnit": "EA",
					"DeliveryDate": "2013-05-29T22:00:00"
				},
				{
					"SoItemPos": "300000000",
					"Quantity": "80",
					"GrossAmount": "61.88",
					"BuyerName": "52.00",
					"TaxAmount": "9.88",
					"CurrencyCode": "EUR",
					"ProductId": "HT-1091",
					"ProductName": "Blaster Extreme",
					"Quantity": "2.000",
					"QuantityUnit": "EA",
					"DeliveryDate": "2013-05-29T22:00:00"
				},
				{
					"SoItemPos": "300000000",
					"Quantity": "90",
					"GrossAmount": "1674.33",
					"BuyerName": "1407.00",
					"TaxAmount": "267.33",
					"CurrencyCode": "EUR",
					"ProductId": "HT-6100",
					"ProductName": "Beam Breaker B-1",
					"Quantity": "3.000",
					"QuantityUnit": "EA",
					"DeliveryDate": "2013-05-29T22:00:00"
				},
				{
					"SoItemPos": "300000000",
					"Quantity": "100",
					"GrossAmount": "3412.92",
					"BuyerName": "2868.00",
					"TaxAmount": "544.92",
					"CurrencyCode": "EUR",
					"ProductId": "HT-1000",
					"ProductName": "Notebook Basic 15",
					"Quantity": "3.000",
					"QuantityUnit": "EA",
					"DeliveryDate": "2013-05-29T22:00:00"
				}
			]
		}
	]
}