<core:View
	controllerName="ess_abs_mob.NewLeave"
	xmlns="sap.m"
	xmlns:me="sap.me"
	xmlns:l="sap.ui.layout"
	xmlns:f="sap.ui.layout.form"
	xmlns:core="sap.ui.core"
	>
	<Page
		title="{New Leave}"
		showNavButton="true" 
		navButtonPress="handleNavButtonPress" >
		<ObjectHeader 
 			title="Input">
 		</ObjectHeader>

		<me:Calendar
 			id="calendar_new"
 			enableMultiselection="true"
 			selectionMode="MULTIPLE" 
 			monthsToDisplay="1"
 			dayHeight="35"
 			changeRange="changeRanges"
 		/>
		
			<l:Grid
			defaultSpan="L12 M12 S12"
			width="auto">
			<l:content>
				<f:SimpleForm
					id="idAddLeaveForm"
					minWidth="800"
					maxContainerCols="2"
					editable="true"
					layout="ResponsiveGridLayout"
					title="New Leave Item"
					labelSpanL="3"
					labelSpanM="3"
					emptySpanL="4"
					emptySpanM="4"
					columnsL="1"
					columnsM="1"
					class="editableForm">
					<f:content>
 					<!-- Basic info -->
						<core:Title text="{i18n>addLeaveTitleBasic}" />
						<Label text="{i18n>addLeaveLabelName}" />
						<Input value="{newLeave>/Detail/Name}" />
						<Label text="{i18n>addLeaveLabelDescription}" />
						<TextArea value="{newLeave>/Detail/Description}" />
						<Label text="{i18n>addLeaveLabelReleaseDate}" />
						<DateTimeInput
							type="Date"
							value="{newLeave>/Detail/ReleaseDate}" />
						<Label text="{i18n>addLeaveLabelPrice}" />
						<Input value="{newLeave>/Detail/Price}" />
						<Label text="{i18n>addLeaveLabelRating}" />
						
							<!-- Supplier & Category -->
						<core:Title text="{i18n>addLeaveTitleSupplierCategory}" />
						<Label text="{i18n>addLeaveLabelSupplier}" />
						<Select
							id="idSelectSupplier"
							items="{/Suppliers}"
							width="100%">
							<core:Item text="{Name}" />
						</Select>
						<Label text="{i18n>addLeaveLabelCategory}" />
						<Select
							id="idSelectCategory"
							items="{/Categories}"
							width="100%">
							<core:Item text="{Name}" />
						</Select>
					</f:content>
				</f:SimpleForm>
			</l:content>
		</l:Grid>
			
		<footer> 
		 	<Bar> 
 			</Bar> 
 		</footer> 
	</Page>
</core:View>

