<core:View
	controllerName="ess_abs_mob.ess_abs_mob.NewLeave"
	xmlns="sap.m"
	xmlns:me="sap.me"
	xmlns:l="sap.ui.layout"
	xmlns:f="sap.ui.layout.form"
	xmlns:core="sap.ui.core"
	>
	<Page
		title="{New Leave}"
		showNavButton="{device>/isPhone}" 
		navButtonPress="handleNavButtonPress" >
		<ObjectHeader 
 			title="Input">
 		</ObjectHeader>

		<me:Calendar
 			id="calendar_new"
 			enableMultiselection="true"
 			selectionMode="MULTIPLE" 
 			monthsToDisplay="1"
 			dayHeight="35"
 		/>
		
			<l:Grid
			defaultSpan="L12 M12 S12"
			width="auto">
			<l:content>
				<f:SimpleForm
					id="idAddLeaveForm"
					minWidth="800"
					maxContainerCols="2"
					editable="true"
					layout="ResponsiveGridLayout"
					title="New Leave Item"
					labelSpanL="3"
					labelSpanM="3"
					emptySpanL="4"
					emptySpanM="4"
					columnsL="1"
					columnsM="1"
					class="editableForm">
					<f:content>
 					<!-- Basic info -->
					<core:Title text="{res>addLeaveTitleBasic}" />
						<Label text="{res>start}" />
						<DateTimeInput
							type="Date"
							value="{newLeave>/Detail/start}" />
						<Label text="{res>end}" />
							<DateTimeInput
							type="Date"
							value="{newLeave>/Detail/end}" />		
						<Label text="{res>type}" />
						<Input value="{newLeave>/Detail/type}" />
						<Label text="{res>type_text}" />
						<Input value="{newLeave>/Detail/type_text}" />
						<Label text="{res>number}" />
						<Input value="{newLeave>/Detail/number}" />
						<Label text="{res>createdby}" />
						<Input value="{newLeave>/Detail/createdby}" />
						<Label text="{res>approver}" />
						<Input value="{newLeave>/Detail/approver}" />
					</f:content>
				</f:SimpleForm>
			</l:content>
		</l:Grid>
			
		<footer> 
		 	<Bar> 
		       <contentRight>
         			<ToggleButton icon="sap-icon://save" press="onSave" />
         		    <ToggleButton icon="sap-icon://sys-cancel-2" press="handleNavButtonPress" />
        		</contentRight>
        
 			</Bar> 
 		</footer> 
	</Page>
</core:View>

